Metric,Value
L_p_driver,0.024017981349389525
Pearson_r,0.9987838213175695
RMSE,0.14313050775550132
Final_Error,0.029518021650885018
Calibrated_Amplitude,0.0059420580407463525
